{"comments":"","variables":{},"structVersion":"1.0","root":{"id":"1","children":[{"id":"6hvcttqxj3r","type":"jdCustomerJourneyMap","isCopyable":false,"isDefault":"","parentIndex":0,"name":"Customer \n Journey Map","views":[{"id":"journeyMap","style":"jdCustomerJourneyMap;fillColor=#E3A158;defaultLaneID=customerJourneyMap","positionx":0,"positiony":0,"width":1400,"height":310,"parent":"1","alternateBounds":null,"value":"Customer \n Journey Map"}],"widgetStyleProperties":{"width":"1400","height":"310","lockResize":false},"collapsed":0},{"id":"y2x7w2i6d3b","type":"jdSublane","isCopyable":false,"isDefault":"","parentIndex":0,"name":"Sublane 01","views":[{"id":"journeyMap","style":"jdSublane","positionx":100,"positiony":0,"width":1300,"height":310,"parent":"6hvcttqxj3r","alternateBounds":null,"value":"Sublane 01"}],"widgetStyleProperties":{"width":"1300","height":"310","lockResize":false}},{"id":"qxdzuz7xwa","type":"jdLookAndFeel","isCopyable":false,"isDefault":"","parentIndex":1,"name":"Look &\n Feel","views":[{"id":"journeyMap","style":"jdLookAndFeel;fillColor=#80CBC4;defaultLaneID=lookAndFeel","positionx":0,"positiony":310,"width":1400,"height":310,"parent":"1","alternateBounds":null,"value":"Look &\n Feel"}],"widgetStyleProperties":{"width":"1400","height":"310","lockResize":false},"collapsed":0},{"id":"zs1m40vtdla","type":"jdSublane","isCopyable":false,"isDefault":"","parentIndex":0,"name":"Sublane 01","views":[{"id":"journeyMap","style":"jdSublane","positionx":100,"positiony":0,"width":1300,"height":310,"parent":"qxdzuz7xwa","alternateBounds":null,"value":"Sublane 01"}],"widgetStyleProperties":{"width":"1300","height":"310","lockResize":false}},{"id":"x314hwgjono","type":"jdFunctionalities","isCopyable":false,"isDefault":"","parentIndex":2,"name":"Functionalities","views":[{"id":"journeyMap","style":"jdFunctionalities;fillColor=#ED7571;defaultLaneID=functionalities","positionx":0,"positiony":620,"width":1400,"height":310,"parent":"1","alternateBounds":null,"value":"Functionalities"}],"widgetStyleProperties":{"width":"1400","height":"310","lockResize":false},"collapsed":0},{"id":"eqr2pp45ct4","type":"jdSublane","isCopyable":false,"isDefault":"","parentIndex":0,"name":"Sublane 01","views":[{"id":"journeyMap","style":"jdSublane","positionx":100,"positiony":0,"width":1300,"height":310,"parent":"x314hwgjono","alternateBounds":null,"value":"Sublane 01"}],"widgetStyleProperties":{"width":"1300","height":"310","lockResize":false}},{"id":"100syi4dtqw","type":"jdStartState","isCopyable":false,"isDefault":"","parentIndex":0,"name":"Start","views":[{"id":"journeyMap","style":"jdStartState;image=/journeydesigner/v2/journeys/omni-journey-journeydesigner/themes/default/jdWidgets/07_StartState@1x.svg","positionx":150,"positiony":130,"width":50,"height":50,"parent":"eqr2pp45ct4","alternateBounds":null},{"id":"stateModel","style":"jdStartState;image=/journeydesigner/v2/journeys/omni-journey-journeydesigner/themes/default/jdWidgets/07_StartState@1x.svg","positionx":120,"positiony":60,"width":50,"height":50,"parent":"4ka3d7v1nho","alternateBounds":null},{"id":"stateWorkflow","style":"jdStartState;image=/journeydesigner/v2/journeys/omni-journey-journeydesigner/themes/default/jdWidgets/07_StartState@1x.svg","positionx":390,"positiony":200,"width":50,"height":50,"parent":"5jdjccgwrof","alternateBounds":null}],"widgetStyleProperties":{"width":"50","height":"50","lockResize":false},"isDefaultCancelable":false,"roles":[]},{"id":"2rc9wn1bz99","type":"jdEndState","isCopyable":false,"isDefault":"","parentIndex":1,"name":"End","views":[{"id":"journeyMap","style":"jdEndState;image=/journeydesigner/v2/journeys/omni-journey-journeydesigner/themes/default/jdWidgets/09_EndState@1x.svg;deletable=1;","positionx":550,"positiony":130,"width":50,"height":50,"parent":"eqr2pp45ct4","alternateBounds":null},{"id":"stateModel","style":"jdEndState;image=/journeydesigner/v2/journeys/omni-journey-journeydesigner/themes/default/jdWidgets/09_EndState@1x.svg","positionx":420,"positiony":260,"width":50,"height":50,"parent":"4ka3d7v1nho","alternateBounds":null},{"id":"stateWorkflow","style":"jdEndState;image=/journeydesigner/v2/journeys/omni-journey-journeydesigner/themes/default/jdWidgets/09_EndState@1x.svg;deletable=0;","positionx":840,"positiony":200,"width":50,"height":50,"parent":"5jdjccgwrof","alternateBounds":null}],"widgetStyleProperties":{"width":"50","height":"50","lockResize":false},"roles":[]},{"id":"wobl26glf8a","type":"jdIntegrationLane","isCopyable":false,"isDefault":"","parentIndex":3,"name":"Integration","views":[{"id":"journeyMap","style":"jdIntegrationLane;fillColor=#68AAFD;defaultLaneID=integration","positionx":0,"positiony":930,"width":1400,"height":310,"parent":"1","alternateBounds":null,"value":"Integration"}],"widgetStyleProperties":{"width":"1400","height":"310","lockResize":false},"collapsed":0},{"id":"evxyimxngl","type":"jdSublane","isCopyable":false,"isDefault":"","parentIndex":0,"name":"Sublane 01","views":[{"id":"journeyMap","style":"jdSublane","positionx":100,"positiony":0,"width":1300,"height":310,"parent":"wobl26glf8a","alternateBounds":null,"value":"Sublane 01"}],"widgetStyleProperties":{"width":"1300","height":"310","lockResize":false}},{"id":"4ka3d7v1nho","type":"jdStateModelLane","isCopyable":false,"isDefault":"","parentIndex":0,"name":"State Model","views":[{"id":"stateModel","style":"jdStateModelLane;fillColor=#9E7EB9;defaultLaneID=stateModel","positionx":0,"positiony":0,"width":1400,"height":500,"parent":"1","alternateBounds":null,"value":"State Model"}],"widgetStyleProperties":{"width":"1400","height":"500","lockResize":false},"collapsed":0},{"id":"5jdjccgwrof","type":"jdStateWorkflowLane","isCopyable":false,"isDefault":"","parentIndex":0,"name":"State Workflow","views":[{"id":"stateWorkflow","style":"jdStateWorkflowLane;fillColor=#9FA8DA","positionx":0,"positiony":0,"width":1400,"height":500,"parent":"1","alternateBounds":null,"value":"State Workflow"}],"widgetStyleProperties":{"width":"1400","height":"500","lockResize":false},"collapsed":0},{"id":"4w5miislbz3","type":"jdCommonAction","isCopyable":true,"isDefault":"","parentIndex":2,"views":[{"id":"stateWorkflow","style":"jdCommonAction;image=/journeydesigner/v2/journeys/omni-journey-journeydesigner/themes/default/jdWidgets/CommonActions@1x.svg;","positionx":110,"positiony":15,"width":95,"height":50,"parent":"5jdjccgwrof","alternateBounds":null}],"widgetStyleProperties":{"width":"95","height":"50","lockResize":false},"actions":[{"id":"boxahgm4sko","type":"jdAction","isCopyable":true,"isDefault":"","parentIndex":0,"name":"ReadProcess","views":[{"id":"stateWorkflow","style":null,"positionx":null,"positiony":null,"width":null,"height":null,"parent":"4w5miislbz3","groupId":null,"alternateBounds":null}],"saveOnError":false,"roles":[],"actionMode":"READ","saveAPI":{"value":false,"editable":false},"isCommonAction":true,"subtype":"jdApiAction","api":"","managedCode":""}]},{"id":"xwb65iqqtq","type":"jdCanceledState","isCopyable":false,"isDefault":"","parentIndex":3,"name":"Cancel State","views":[{"id":"stateWorkflow","style":"jdDefaultCanceledState;image=/journeydesigner/v2/journeys/omni-journey-journeydesigner/themes/default/jdWidgets/09_EndState@1x.svg;deletable=0;","positionx":140,"positiony":400,"width":50,"height":50,"parent":"5jdjccgwrof","alternateBounds":null}],"widgetStyleProperties":{"width":"50","height":"50","lockResize":false},"roles":[],"defaultCancel":true},{"id":"udz7iadehr","type":"jdAction","isCopyable":false,"isDefault":"","parentIndex":4,"name":"Cancel API","views":[{"id":"stateWorkflow","style":"jdApiAction;image=/journeydesigner/v2/journeys/omni-journey-journeydesigner/themes/default/jdWidgets/intercept_internal_cancel.svg","positionx":240,"positiony":400,"width":50,"height":50,"parent":"5jdjccgwrof","alternateBounds":null}],"widgetStyleProperties":{"width":"50","height":"50","lockResize":false},"saveOnError":false,"roles":[],"actionMode":"WRITE","saveAPI":{"value":true,"editable":false},"isCommonAction":false,"subtype":"jdApiActionCancel"},{"id":"454b0h7tnyp","type":"jdConnector","isCopyable":true,"isDefault":"","parentIndex":5,"views":[{"id":"stateWorkflow","parent":"5jdjccgwrof","style":"jdConnector"}],"widgetStyleProperties":{"width":"0","height":"0","lockResize":false},"source":"udz7iadehr","target":"xwb65iqqtq"},{"id":"1azvk7yibyp","type":"jdActivity","isCopyable":true,"isDefault":"","parentIndex":2,"name":"Custom Activity","views":[{"id":"journeyMap","style":"jdActivity;image=/journeydesigner/v2/journeys/omni-journey-journeydesigner/themes/default/jdWidgets/02_Activity@1x.svg","positionx":320,"positiony":130,"width":50,"height":50,"parent":"eqr2pp45ct4","alternateBounds":null}],"widgetStyleProperties":{"width":"50","height":"50","lockResize":false}},{"id":"nwry9f09fym","type":"jdConnector","isCopyable":true,"isDefault":"","parentIndex":1,"views":[{"id":"journeyMap","parent":"x314hwgjono","style":"jdConnector;edgeStyle=orthogonalEdgeStyle"}],"widgetStyleProperties":{"width":"0","height":"0","lockResize":false},"source":"100syi4dtqw","target":"1azvk7yibyp"},{"id":"2kjda40hxn4","type":"jdConnector","isCopyable":true,"isDefault":"","parentIndex":2,"views":[{"id":"journeyMap","parent":"x314hwgjono","style":"jdConnector;edgeStyle=orthogonalEdgeStyle"}],"widgetStyleProperties":{"width":"0","height":"0","lockResize":false},"source":"1azvk7yibyp","target":"2rc9wn1bz99"},{"id":"elq6cgw2cp","type":"jdConnector","isCopyable":true,"isDefault":"","parentIndex":"","views":[{"id":"stateModel","parent":"4ka3d7v1nho","style":"jdConnector"}],"widgetStyleProperties":{"width":"50","height":"50","lockResize":false},"source":"100syi4dtqw","target":"2rc9wn1bz99"},{"id":"truroukjvg8","type":"jdConnector","isCopyable":true,"isDefault":"","parentIndex":6,"views":[{"id":"stateWorkflow","parent":"5jdjccgwrof","style":"jdConnector;entryX=1;entryY=0.25;exitX=1;exitY=0.5;","points":[{"x":480,"y":131},{"x":480,"y":213}]}],"widgetStyleProperties":{"width":"0","height":"0","lockResize":false},"source":"x7z3qk7s43","target":"100syi4dtqw"},{"id":"x7z3qk7s43","type":"jdAction","isCopyable":true,"isDefault":"","parentIndex":7,"name":"UpdateField","views":[{"id":"stateWorkflow","style":"jdApiAction;image=/journeydesigner/v2/journeys/omni-journey-journeydesigner/themes/default/jdWidgets/01.01_InvokeAPI_Nonel@1x.svg","positionx":385.5,"positiony":110.5,"width":61,"height":41,"parent":"5jdjccgwrof","alternateBounds":null}],"widgetStyleProperties":{"width":"61","height":"41","lockResize":false},"saveOnError":false,"roles":[],"actionMode":"WRITE","saveAPI":{"value":true,"editable":true},"isCommonAction":false,"subtype":"jdApiAction","api":"","managedCode":""},{"id":"ubylu9m7imr","type":"jdConnector","isCopyable":true,"isDefault":"","parentIndex":8,"views":[{"id":"stateWorkflow","parent":"5jdjccgwrof","style":"jdConnector;exitX=0;exitY=0.25;entryX=0;entryY=0.5;","points":[{"x":340,"y":213},{"x":340,"y":131}]}],"widgetStyleProperties":{"width":"0","height":"0","lockResize":false},"source":"100syi4dtqw","target":"x7z3qk7s43"},{"id":"bggk0305q3","type":"jdAction","isCopyable":true,"isDefault":"","parentIndex":10,"name":"CreateProcess","views":[{"id":"stateWorkflow","style":"jdApiAction;image=/journeydesigner/v2/journeys/omni-journey-journeydesigner/themes/default/jdWidgets/intercept_internal_create.svg","positionx":180,"positiony":205,"width":61,"height":41,"parent":"5jdjccgwrof","alternateBounds":null}],"widgetStyleProperties":{"width":"61","height":"41","lockResize":false},"saveOnError":false,"roles":[],"actionMode":"CREATE","saveAPI":{"value":true,"editable":false},"isCommonAction":false,"subtype":"jdApiAction","api":"","managedCode":""},{"id":"229lp10gu78","type":"jdConnector","isCopyable":true,"isDefault":"","parentIndex":9,"views":[{"id":"stateWorkflow","parent":"5jdjccgwrof","style":"jdConnector;edgeStyle=orthogonalEdgeStyle;jettySize=auto;orthogonalLoop=1;"}],"widgetStyleProperties":{"width":"0","height":"0","lockResize":false},"source":"bggk0305q3","target":"100syi4dtqw"},{"id":"u42bnwy22ib","type":"jdAction","isCopyable":true,"isDefault":"","parentIndex":12,"name":"Finish","views":[{"id":"stateWorkflow","style":"jdApiAction;image=/journeydesigner/v2/journeys/omni-journey-journeydesigner/themes/default/jdWidgets/01.01_InvokeAPI_Nonel@1x.svg","positionx":620,"positiony":205,"width":61,"height":41,"parent":"5jdjccgwrof","alternateBounds":null}],"widgetStyleProperties":{"width":"61","height":"41","lockResize":false},"saveOnError":false,"roles":[],"actionMode":"WRITE","saveAPI":{"value":true,"editable":true},"isCommonAction":false,"subtype":"jdApiAction","api":"","managedCode":""},{"id":"9euli975554","type":"jdConnector","isCopyable":true,"isDefault":"","parentIndex":12,"views":[{"id":"stateWorkflow","parent":"5jdjccgwrof","style":"jdConnector;edgeStyle=orthogonalEdgeStyle"}],"widgetStyleProperties":{"width":"0","height":"0","lockResize":false},"source":"100syi4dtqw","target":"u42bnwy22ib"},{"id":"9qavfup116","type":"jdConnector","isCopyable":true,"isDefault":"","parentIndex":13,"views":[{"id":"stateWorkflow","parent":"5jdjccgwrof","style":"jdConnector;edgeStyle=orthogonalEdgeStyle"}],"widgetStyleProperties":{"width":"0","height":"0","lockResize":false},"source":"u42bnwy22ib","target":"2rc9wn1bz99"}]},"firstTimeOpen":true}